{
    "image_size": [
        720,
        1280,
        3
    ],
    "reprojection error": 1.9747722991239993,
    "mtx": [
        [
            1286.0248982150279,
            0.0,
            877.8083963364203
        ],
        [
            0.0,
            1244.58297904568,
            366.0990581592337
        ],
        [
            0.0,
            0.0,
            1.0
        ]
    ],
    "dist": [
        [
            0.19430546466232892,
            0.6337388051227049,
            0.00033363281640216597,
            0.09633244447359805,
            -0.3472687975713968
        ]
    ]
}