{
    "image_size": [
        720,
        1280,
        3
    ],
    "reprojection error": 1.9651348787902172,
    "mtx": [
        [
            1217.71383817508,
            0.0,
            804.8153734320006
        ],
        [
            0.0,
            1189.4991691352927,
            379.5649599208798
        ],
        [
            0.0,
            0.0,
            1.0
        ]
    ],
    "dist": [
        [
            6.120680988139332,
            86.42213556391194,
            0.011908969858885763,
            0.06524394517743028,
            2285.9817025660823,
            4.573961578397387,
            114.54439163290776,
            1959.9811497920255,
            0.0,
            0.0,
            0.0,
            0.0,
            0.0,
            0.0
        ]
    ]
}