{
    "image_size": [
        720,
        1280,
        3
    ],
    "reprojection error": 0.43643168262337023,
    "mtx": [
        [
            1327.9874682395764,
            0.0,
            832.4865278321525
        ],
        [
            0.0,
            1366.021977644453,
            496.85378616435145
        ],
        [
            0.0,
            0.0,
            1.0
        ]
    ],
    "dist": [
        [
            -0.02542887525781354,
            -3.203748130101018,
            0.01504282790358144,
            -0.04343847217639198,
            12.719873187719998
        ]
    ]
}