{
    "image_size": [
        720,
        1280,
        3
    ],
    "reprojection error": 0.3824900520538189,
    "mtx": [
        [
            923.7569154909902,
            0.0,
            701.6732658086909
        ],
        [
            0.0,
            946.7072812063287,
            534.9707840039798
        ],
        [
            0.0,
            0.0,
            1.0
        ]
    ],
    "dist": [
        [
            -14.176348961597737,
            150.47049161885556,
            0.00661526319866457,
            -0.02407991175581193,
            251.09051358351778,
            -14.187147975306702,
            150.28709676998488,
            269.8882849516252,
            0.0,
            0.0,
            0.0,
            0.0,
            0.0,
            0.0
        ]
    ]
}